rare,name,share_url
SSR,Chris,chrispng.png
SSR,Donnis,donis.png
SSR,大谷遺伝子パト,ootani.png
SSR,Vカツ パト,pato_v.png
SSR,Vカツ ヤタ,yata_v.png
SSR,Mirrativ パト,pato_mira.png
SSR,Mirrativ ヤタ,yata_mira.png
SSR,パトちゃん,pato_chan_tr.png
SSR,ヤタちゃん,yata_chan.png
SSR,スパプリ,none.png
SR,Pato,pato_vroid.png
SR,Yata,yata_vroid.png
SR,MaC,mac_vkatsu.png
SR,RINDOU,rindou.png
SR,ひつじちゃん,hitsuji.jpg
R,久我,kuga.PNG
R,久我弟,kuga_otouto.png
R,久我妹,kuga_imouto.png
R,久我父,kuga_chichi.png
R,久我のカブトムシ,kuga_kabuto.png
R,ほうれん草とベーコンのクリームパスタ,pasta_spaghetti.png
R,ナス,nasu_eggplant.png
R,溶かしたヤタ,yata_tokeru.png
R,ぞうさん,zou.PNG
R,賞味期限切れの海苔,nori.PNG
R,壺おじ,tsubo.jpg
R,草,dog.jpg
R,カラス,crow_tr.png
R,クソ精霊,kuso_seirei.png